odataPlaceholder,ItemInternalId,ID,Title,Branch,Description,Contact,Term_Ends,Holder,Successor,Department,Department_Contact,External,{FilenameWithExtension},{HasAttachments},Assistants
0,Lists%252fHeraldic%2bOffices%252f1_.000,1,Black Lion,"{""@odata.type"":""#Microsoft.Azure.Connectors.SharePoint.SPListExpandedReference"",""Id"":1,""Value"":""An Tir""}",Principal Herald,blacklion@antir.org,2020-07-18,"{""@odata.type"":""#Microsoft.Azure.Connectors.SharePoint.SPListExpandedReference"",""Id"":7,""Value"":""Marya Kargashina""}",,"{""@odata.type"":""#Microsoft.Azure.Connectors.SharePoint.SPListExpandedReference"",""Id"":1,""Value"":""Principal Herald""}",True,False,Black Lion,False,[]
0,Lists%252fHeraldic%2bOffices%252f2_.000,2,Blue Anchor,"{""@odata.type"":""#Microsoft.Azure.Connectors.SharePoint.SPListExpandedReference"",""Id"":1,""Value"":""An Tir""}",Web,blueanchor@antir.org,2020-06-30,"{""@odata.type"":""#Microsoft.Azure.Connectors.SharePoint.SPListExpandedReference"",""Id"":2,""Value"":""Hafr-Tóki""}",,"{""@odata.type"":""#Microsoft.Azure.Connectors.SharePoint.SPListExpandedReference"",""Id"":4,""Value"":""Staff""}",,False,Blue Anchor,False,[]
0,Lists%252fHeraldic%2bOffices%252f3_.000,3,Æstel,"{""@odata.type"":""#Microsoft.Azure.Connectors.SharePoint.SPListExpandedReference"",""Id"":1,""Value"":""An Tir""}",Librarian,aestel@antir.org,2021-06-30,"{""@odata.type"":""#Microsoft.Azure.Connectors.SharePoint.SPListExpandedReference"",""Id"":22,""Value"":""Fina MacGrioghair""}",,"{""@odata.type"":""#Microsoft.Azure.Connectors.SharePoint.SPListExpandedReference"",""Id"":7,""Value"":""Submissions""}",True,False,Æstel,False,[]
0,Lists%252fHeraldic%2bOffices%252f4_.000,4,Argent Scroll,"{""@odata.type"":""#Microsoft.Azure.Connectors.SharePoint.SPListExpandedReference"",""Id"":1,""Value"":""An Tir""}",Education,argentscroll@antir.org,2020-01-01,"{""@odata.type"":""#Microsoft.Azure.Connectors.SharePoint.SPListExpandedReference"",""Id"":57,""Value"":""Zahra bint al-Rammah""}",,"{""@odata.type"":""#Microsoft.Azure.Connectors.SharePoint.SPListExpandedReference"",""Id"":6,""Value"":""Education""}",False,False,Argent Scroll,False,[]
0,Lists%252fHeraldic%2bOffices%252f5_.000,5,Belated Rose,"{""@odata.type"":""#Microsoft.Azure.Connectors.SharePoint.SPListExpandedReference"",""Id"":1,""Value"":""An Tir""}",,belatedrose@antir.org,,"{""@odata.type"":""#Microsoft.Azure.Connectors.SharePoint.SPListExpandedReference"",""Id"":5,""Value"":""Gwenlianna Clutterbooke""}",,"{""@odata.type"":""#Microsoft.Azure.Connectors.SharePoint.SPListExpandedReference"",""Id"":4,""Value"":""Staff""}",,False,Belated Rose,False,[]
0,Lists%252fHeraldic%2bOffices%252f6_.000,6,Boar,"{""@odata.type"":""#Microsoft.Azure.Connectors.SharePoint.SPListExpandedReference"",""Id"":1,""Value"":""An Tir""}",Armory Submissions,boar@antir.org,2021-04-30,"{""@odata.type"":""#Microsoft.Azure.Connectors.SharePoint.SPListExpandedReference"",""Id"":29,""Value"":""Elisabeth de Rossignol""}",,"{""@odata.type"":""#Microsoft.Azure.Connectors.SharePoint.SPListExpandedReference"",""Id"":7,""Value"":""Submissions""}",,False,Boar,False,[]
0,Lists%252fHeraldic%2bOffices%252f7_.000,7,Carp,"{""@odata.type"":""#Microsoft.Azure.Connectors.SharePoint.SPListExpandedReference"",""Id"":1,""Value"":""An Tir""}",,carp@antir.org,,"{""@odata.type"":""#Microsoft.Azure.Connectors.SharePoint.SPListExpandedReference"",""Id"":7,""Value"":""Marya Kargashina""}",,"{""@odata.type"":""#Microsoft.Azure.Connectors.SharePoint.SPListExpandedReference"",""Id"":4,""Value"":""Staff""}",,False,Carp,False,[]
0,Lists%252fHeraldic%2bOffices%252f8_.000,8,Cheval et Lion,"{""@odata.type"":""#Microsoft.Azure.Connectors.SharePoint.SPListExpandedReference"",""Id"":1,""Value"":""An Tir""}",Heraldic Artist,chevaletlion@antir.org,2019-01-30,"{""@odata.type"":""#Microsoft.Azure.Connectors.SharePoint.SPListExpandedReference"",""Id"":8,""Value"":""Jadwiga Radomyska""}",,"{""@odata.type"":""#Microsoft.Azure.Connectors.SharePoint.SPListExpandedReference"",""Id"":4,""Value"":""Staff""}",,False,Cheval et Lion,False,[]
0,Lists%252fHeraldic%2bOffices%252f9_.000,9,Couronne Rouge,"{""@odata.type"":""#Microsoft.Azure.Connectors.SharePoint.SPListExpandedReference"",""Id"":1,""Value"":""An Tir""}",Roll of Arms,couronnerouge@antir.org,2021-09-30,"{""@odata.type"":""#Microsoft.Azure.Connectors.SharePoint.SPListExpandedReference"",""Id"":135,""Value"":""Vémundr Syvursson""}",,"{""@odata.type"":""#Microsoft.Azure.Connectors.SharePoint.SPListExpandedReference"",""Id"":7,""Value"":""Submissions""}",True,False,Couronne Rouge,False,[]
0,Lists%252fHeraldic%2bOffices%252f10_.000,10,Demi-Lion,"{""@odata.type"":""#Microsoft.Azure.Connectors.SharePoint.SPListExpandedReference"",""Id"":1,""Value"":""An Tir""}",Primary Contingency and Reports,demilion@antir.org,2020-07-18,"{""@odata.type"":""#Microsoft.Azure.Connectors.SharePoint.SPListExpandedReference"",""Id"":22,""Value"":""Fina MacGrioghair""}",,"{""@odata.type"":""#Microsoft.Azure.Connectors.SharePoint.SPListExpandedReference"",""Id"":3,""Value"":""Administration""}",True,False,Demi-Lion,False,[]
0,Lists%252fHeraldic%2bOffices%252f11_.000,11,Dexter Gauntlet,"{""@odata.type"":""#Microsoft.Azure.Connectors.SharePoint.SPListExpandedReference"",""Id"":1,""Value"":""An Tir""}",Order of Precedence,dextergauntlet@antir.org,2020-01-01,"{""@odata.type"":""#Microsoft.Azure.Connectors.SharePoint.SPListExpandedReference"",""Id"":47,""Value"":""Ana de la Sara""}",,"{""@odata.type"":""#Microsoft.Azure.Connectors.SharePoint.SPListExpandedReference"",""Id"":8,""Value"":""Court""}",,False,Dexter Gauntlet,False,"[{""@odata.type"":""#Microsoft.Azure.Connectors.SharePoint.SPListExpandedReference"",""Id"":27,""Value"":""Caius Foxcotte""},{""@odata.type"":""#Microsoft.Azure.Connectors.SharePoint.SPListExpandedReference"",""Id"":101,""Value"":""Phelan Tölusmiðr""}]"
0,Lists%252fHeraldic%2bOffices%252f12_.000,12,Goutte de Sang,"{""@odata.type"":""#Microsoft.Azure.Connectors.SharePoint.SPListExpandedReference"",""Id"":1,""Value"":""An Tir""}",,gouttedesang@antir.org,,"{""@odata.type"":""#Microsoft.Azure.Connectors.SharePoint.SPListExpandedReference"",""Id"":9,""Value"":""Finngall McKetterick""}",,"{""@odata.type"":""#Microsoft.Azure.Connectors.SharePoint.SPListExpandedReference"",""Id"":4,""Value"":""Staff""}",,False,Goutte de Sang,False,[]
0,Lists%252fHeraldic%2bOffices%252f13_.000,13,Jambe de Lion,"{""@odata.type"":""#Microsoft.Azure.Connectors.SharePoint.SPListExpandedReference"",""Id"":1,""Value"":""An Tir""}",Silent Heraldry,jambedelion@antir.org,,"{""@odata.type"":""#Microsoft.Azure.Connectors.SharePoint.SPListExpandedReference"",""Id"":19,""Value"":""Richenda du Jardin""}",,"{""@odata.type"":""#Microsoft.Azure.Connectors.SharePoint.SPListExpandedReference"",""Id"":8,""Value"":""Court""}",,False,Jambe de Lion,False,[]
0,Lists%252fHeraldic%2bOffices%252f14_.000,14,Lions Blood,"{""@odata.type"":""#Microsoft.Azure.Connectors.SharePoint.SPListExpandedReference"",""Id"":1,""Value"":""An Tir""}",Submissions Lead,lionsblood@antir.org,2021-12-01,"{""@odata.type"":""#Microsoft.Azure.Connectors.SharePoint.SPListExpandedReference"",""Id"":107,""Value"":""Wilhelm von Dusseldorf""}",,"{""@odata.type"":""#Microsoft.Azure.Connectors.SharePoint.SPListExpandedReference"",""Id"":7,""Value"":""Submissions""}",True,False,Lions Blood,False,[]
0,Lists%252fHeraldic%2bOffices%252f15_.000,15,Lion's Heart,"{""@odata.type"":""#Microsoft.Azure.Connectors.SharePoint.SPListExpandedReference"",""Id"":1,""Value"":""An Tir""}",,lionsheart@antir.org,,"{""@odata.type"":""#Microsoft.Azure.Connectors.SharePoint.SPListExpandedReference"",""Id"":13,""Value"":""Basil Dragonstrike""}",,"{""@odata.type"":""#Microsoft.Azure.Connectors.SharePoint.SPListExpandedReference"",""Id"":4,""Value"":""Staff""}",,False,Lion's Heart,False,[]
0,Lists%252fHeraldic%2bOffices%252f16_.000,16,Lion's Sword,"{""@odata.type"":""#Microsoft.Azure.Connectors.SharePoint.SPListExpandedReference"",""Id"":1,""Value"":""An Tir""}",Ceremonial,lionssword@antir.org,2020-09-30,"{""@odata.type"":""#Microsoft.Azure.Connectors.SharePoint.SPListExpandedReference"",""Id"":14,""Value"":""Natasha Orionova Zateeva""}",,"{""@odata.type"":""#Microsoft.Azure.Connectors.SharePoint.SPListExpandedReference"",""Id"":8,""Value"":""Court""}",,False,Lion's Sword,False,[]
0,Lists%252fHeraldic%2bOffices%252f17_.000,17,Löwenmähne,"{""@odata.type"":""#Microsoft.Azure.Connectors.SharePoint.SPListExpandedReference"",""Id"":1,""Value"":""An Tir""}",Field,lowenmahne@antir.org,2021-07-31,"{""@odata.type"":""#Microsoft.Azure.Connectors.SharePoint.SPListExpandedReference"",""Id"":20,""Value"":""Sarra the Brave""}",,"{""@odata.type"":""#Microsoft.Azure.Connectors.SharePoint.SPListExpandedReference"",""Id"":9,""Value"":""Tournament""}",,False,Löwenmähne,False,[]
0,Lists%252fHeraldic%2bOffices%252f18_.000,18,Mano d'Oro,"{""@odata.type"":""#Microsoft.Azure.Connectors.SharePoint.SPListExpandedReference"",""Id"":1,""Value"":""An Tir""}",Court Training,manodoro@antir.org,2019-09-30,"{""@odata.type"":""#Microsoft.Azure.Connectors.SharePoint.SPListExpandedReference"",""Id"":16,""Value"":""Lissette de la Rose""}",,"{""@odata.type"":""#Microsoft.Azure.Connectors.SharePoint.SPListExpandedReference"",""Id"":8,""Value"":""Court""}",,False,Mano d'Oro,False,[]
0,Lists%252fHeraldic%2bOffices%252f19_.000,19,Ounce,"{""@odata.type"":""#Microsoft.Azure.Connectors.SharePoint.SPListExpandedReference"",""Id"":1,""Value"":""An Tir""}",New Branch Liaison and Support,ounce@antir.org,2019-01-31,"{""@odata.type"":""#Microsoft.Azure.Connectors.SharePoint.SPListExpandedReference"",""Id"":17,""Value"":""Brendan ap Llewelyn""}",,"{""@odata.type"":""#Microsoft.Azure.Connectors.SharePoint.SPListExpandedReference"",""Id"":6,""Value"":""Education""}",,False,Ounce,False,[]
0,Lists%252fHeraldic%2bOffices%252f20_.000,20,Pursestrings,"{""@odata.type"":""#Microsoft.Azure.Connectors.SharePoint.SPListExpandedReference"",""Id"":1,""Value"":""An Tir""}",Exchequer,pursestrings@antir.org,,"{""@odata.type"":""#Microsoft.Azure.Connectors.SharePoint.SPListExpandedReference"",""Id"":18,""Value"":""Genevieve Marie Etiennette de Montagne""}",,"{""@odata.type"":""#Microsoft.Azure.Connectors.SharePoint.SPListExpandedReference"",""Id"":3,""Value"":""Administration""}",,True,Pursestrings,False,[]
0,Lists%252fHeraldic%2bOffices%252f21_.000,21,Queue Forchée,"{""@odata.type"":""#Microsoft.Azure.Connectors.SharePoint.SPListExpandedReference"",""Id"":1,""Value"":""An Tir""}",Secondary Contingency,queueforchee@antir.org,,,,"{""@odata.type"":""#Microsoft.Azure.Connectors.SharePoint.SPListExpandedReference"",""Id"":3,""Value"":""Administration""}",True,False,Queue Forchée,False,[]
0,Lists%252fHeraldic%2bOffices%252f22_.000,22,Sable Sable,"{""@odata.type"":""#Microsoft.Azure.Connectors.SharePoint.SPListExpandedReference"",""Id"":1,""Value"":""An Tir""}",Kingdom Scribe,scribe@antir.org,,"{""@odata.type"":""#Microsoft.Azure.Connectors.SharePoint.SPListExpandedReference"",""Id"":15,""Value"":""Arnora Grimsdottir""}",,"{""@odata.type"":""#Microsoft.Azure.Connectors.SharePoint.SPListExpandedReference"",""Id"":10,""Value"":""College of Scribes""}",True,True,Sable Sable,False,[]
0,Lists%252fHeraldic%2bOffices%252f23_.000,23,Sable Chime,"{""@odata.type"":""#Microsoft.Azure.Connectors.SharePoint.SPListExpandedReference"",""Id"":1,""Value"":""An Tir""}",,sablechime@antir.org,,"{""@odata.type"":""#Microsoft.Azure.Connectors.SharePoint.SPListExpandedReference"",""Id"":21,""Value"":""Elizabeth Turner de Carlisle""}",,"{""@odata.type"":""#Microsoft.Azure.Connectors.SharePoint.SPListExpandedReference"",""Id"":4,""Value"":""Staff""}",,False,Sable Chime,False,[]
0,Lists%252fHeraldic%2bOffices%252f24_.000,24,Silver Rose,"{""@odata.type"":""#Microsoft.Azure.Connectors.SharePoint.SPListExpandedReference"",""Id"":1,""Value"":""An Tir""}",Reports (Inlands),silverrose@antir.org,2020-09-30,"{""@odata.type"":""#Microsoft.Azure.Connectors.SharePoint.SPListExpandedReference"",""Id"":22,""Value"":""Fina MacGrioghair""}",,"{""@odata.type"":""#Microsoft.Azure.Connectors.SharePoint.SPListExpandedReference"",""Id"":3,""Value"":""Administration""}",,False,Silver Rose,False,[]
0,Lists%252fHeraldic%2bOffices%252f25_.000,25,Sinister Gauntlet,"{""@odata.type"":""#Microsoft.Azure.Connectors.SharePoint.SPListExpandedReference"",""Id"":1,""Value"":""An Tir""}",Notifications,sinistergauntlet@antir.org,2019-04-30,"{""@odata.type"":""#Microsoft.Azure.Connectors.SharePoint.SPListExpandedReference"",""Id"":23,""Value"":""Vladimir Andreivich Aleksandrov""}",,"{""@odata.type"":""#Microsoft.Azure.Connectors.SharePoint.SPListExpandedReference"",""Id"":7,""Value"":""Submissions""}",,False,Sinister Gauntlet,False,"[{""@odata.type"":""#Microsoft.Azure.Connectors.SharePoint.SPListExpandedReference"",""Id"":12,""Value"":""Caitrina inghean Aindriasa""},{""@odata.type"":""#Microsoft.Azure.Connectors.SharePoint.SPListExpandedReference"",""Id"":22,""Value"":""Fina MacGrioghair""}]"
0,Lists%252fHeraldic%2bOffices%252f26_.000,26,Town Crier,"{""@odata.type"":""#Microsoft.Azure.Connectors.SharePoint.SPListExpandedReference"",""Id"":1,""Value"":""An Tir""}",Crier,towncrier@antir.org,,,,"{""@odata.type"":""#Microsoft.Azure.Connectors.SharePoint.SPListExpandedReference"",""Id"":9,""Value"":""Tournament""}",,False,Town Crier,False,[]
0,Lists%252fHeraldic%2bOffices%252f27_.000,27,Bleu Grael,"{""@odata.type"":""#Microsoft.Azure.Connectors.SharePoint.SPListExpandedReference"",""Id"":3,""Value"":""Summits""}",Principality Herald,summitsherald@antir.org,2021-06-30,"{""@odata.type"":""#Microsoft.Azure.Connectors.SharePoint.SPListExpandedReference"",""Id"":17,""Value"":""Brendan ap Llewelyn""}",,"{""@odata.type"":""#Microsoft.Azure.Connectors.SharePoint.SPListExpandedReference"",""Id"":2,""Value"":""Principality Herald""}",True,False,Bleu Grael,False,[]
0,Lists%252fHeraldic%2bOffices%252f28_.000,28,Silver Yale,"{""@odata.type"":""#Microsoft.Azure.Connectors.SharePoint.SPListExpandedReference"",""Id"":2,""Value"":""Tir Rígh""}",Principality Herald,herald@tirrigh.org,2021-02-28,"{""@odata.type"":""#Microsoft.Azure.Connectors.SharePoint.SPListExpandedReference"",""Id"":26,""Value"":""Garet D'Oiron""}","{""@odata.type"":""#Microsoft.Azure.Connectors.SharePoint.SPListExpandedReference"",""Id"":109,""Value"":""Anthony Hawke""}","{""@odata.type"":""#Microsoft.Azure.Connectors.SharePoint.SPListExpandedReference"",""Id"":2,""Value"":""Principality Herald""}",True,True,Silver Yale,False,[]
0,Lists%252fHeraldic%2bOffices%252f29_.000,29,Black Falcon,"{""@odata.type"":""#Microsoft.Azure.Connectors.SharePoint.SPListExpandedReference"",""Id"":1,""Value"":""An Tir""}",,,,,,"{""@odata.type"":""#Microsoft.Azure.Connectors.SharePoint.SPListExpandedReference"",""Id"":0,""Value"":""-unassigned-""}",,False,Black Falcon,False,[]
0,Lists%252fHeraldic%2bOffices%252f30_.000,30,Black Talbot,"{""@odata.type"":""#Microsoft.Azure.Connectors.SharePoint.SPListExpandedReference"",""Id"":1,""Value"":""An Tir""}",,,,,,"{""@odata.type"":""#Microsoft.Azure.Connectors.SharePoint.SPListExpandedReference"",""Id"":0,""Value"":""-unassigned-""}",,False,Black Talbot,False,[]
0,Lists%252fHeraldic%2bOffices%252f31_.000,31,Grey Goose Shaft,"{""@odata.type"":""#Microsoft.Azure.Connectors.SharePoint.SPListExpandedReference"",""Id"":1,""Value"":""An Tir""}",,,,,,"{""@odata.type"":""#Microsoft.Azure.Connectors.SharePoint.SPListExpandedReference"",""Id"":0,""Value"":""-unassigned-""}",,False,Grey Goose Shaft,False,[]
0,Lists%252fHeraldic%2bOffices%252f32_.000,32,Hastae Leonis,"{""@odata.type"":""#Microsoft.Azure.Connectors.SharePoint.SPListExpandedReference"",""Id"":1,""Value"":""An Tir""}",,,,,,"{""@odata.type"":""#Microsoft.Azure.Connectors.SharePoint.SPListExpandedReference"",""Id"":0,""Value"":""-unassigned-""}",,False,Hastae Leonis,False,[]
0,Lists%252fHeraldic%2bOffices%252f33_.000,33,Iron Chain,"{""@odata.type"":""#Microsoft.Azure.Connectors.SharePoint.SPListExpandedReference"",""Id"":1,""Value"":""An Tir""}",,,,,,"{""@odata.type"":""#Microsoft.Azure.Connectors.SharePoint.SPListExpandedReference"",""Id"":0,""Value"":""-unassigned-""}",,False,Iron Chain,False,[]
0,Lists%252fHeraldic%2bOffices%252f34_.000,34,Lily Pernicious,"{""@odata.type"":""#Microsoft.Azure.Connectors.SharePoint.SPListExpandedReference"",""Id"":1,""Value"":""An Tir""}",,lilypernicious@antir.org,,"{""@odata.type"":""#Microsoft.Azure.Connectors.SharePoint.SPListExpandedReference"",""Id"":11,""Value"":""Rhieinwylydd verch Einion Llanaelhaearn""}",,"{""@odata.type"":""#Microsoft.Azure.Connectors.SharePoint.SPListExpandedReference"",""Id"":4,""Value"":""Staff""}",,False,Lily Pernicious,False,[]
0,Lists%252fHeraldic%2bOffices%252f35_.000,35,Lion et de la Lance,"{""@odata.type"":""#Microsoft.Azure.Connectors.SharePoint.SPListExpandedReference"",""Id"":1,""Value"":""An Tir""}",,,,,,"{""@odata.type"":""#Microsoft.Azure.Connectors.SharePoint.SPListExpandedReference"",""Id"":0,""Value"":""-unassigned-""}",,False,Lion et de la Lance,False,[]
0,Lists%252fHeraldic%2bOffices%252f36_.000,36,Lions Arrow,"{""@odata.type"":""#Microsoft.Azure.Connectors.SharePoint.SPListExpandedReference"",""Id"":1,""Value"":""An Tir""}",,,,,,"{""@odata.type"":""#Microsoft.Azure.Connectors.SharePoint.SPListExpandedReference"",""Id"":0,""Value"":""-unassigned-""}",,False,Lions Arrow,False,[]
0,Lists%252fHeraldic%2bOffices%252f37_.000,37,Lion's Rapier,"{""@odata.type"":""#Microsoft.Azure.Connectors.SharePoint.SPListExpandedReference"",""Id"":1,""Value"":""An Tir""}",,,,,,"{""@odata.type"":""#Microsoft.Azure.Connectors.SharePoint.SPListExpandedReference"",""Id"":0,""Value"":""-unassigned-""}",,False,Lion's Rapier,False,[]
0,Lists%252fHeraldic%2bOffices%252f38_.000,38,Loyall,"{""@odata.type"":""#Microsoft.Azure.Connectors.SharePoint.SPListExpandedReference"",""Id"":1,""Value"":""An Tir""}",Archivist,,,,,"{""@odata.type"":""#Microsoft.Azure.Connectors.SharePoint.SPListExpandedReference"",""Id"":4,""Value"":""Staff""}",,False,Loyall,False,[]
0,Lists%252fHeraldic%2bOffices%252f39_.000,39,Main de Saint Nicholas,"{""@odata.type"":""#Microsoft.Azure.Connectors.SharePoint.SPListExpandedReference"",""Id"":1,""Value"":""An Tir""}",,,,,,"{""@odata.type"":""#Microsoft.Azure.Connectors.SharePoint.SPListExpandedReference"",""Id"":0,""Value"":""-unassigned-""}",,False,Main de Saint Nicholas,False,[]
0,Lists%252fHeraldic%2bOffices%252f40_.000,40,Monforet,"{""@odata.type"":""#Microsoft.Azure.Connectors.SharePoint.SPListExpandedReference"",""Id"":1,""Value"":""An Tir""}",,,,,,"{""@odata.type"":""#Microsoft.Azure.Connectors.SharePoint.SPListExpandedReference"",""Id"":0,""Value"":""-unassigned-""}",,False,Monforet,False,[]
0,Lists%252fHeraldic%2bOffices%252f41_.000,41,Muckin' Tall Maul,"{""@odata.type"":""#Microsoft.Azure.Connectors.SharePoint.SPListExpandedReference"",""Id"":1,""Value"":""An Tir""}",,,,,,"{""@odata.type"":""#Microsoft.Azure.Connectors.SharePoint.SPListExpandedReference"",""Id"":0,""Value"":""-unassigned-""}",,False,Muckin' Tall Maul,False,[]
0,Lists%252fHeraldic%2bOffices%252f42_.000,42,Pernicious Lily,"{""@odata.type"":""#Microsoft.Azure.Connectors.SharePoint.SPListExpandedReference"",""Id"":1,""Value"":""An Tir""}",,perniciouslily@antir.org,,"{""@odata.type"":""#Microsoft.Azure.Connectors.SharePoint.SPListExpandedReference"",""Id"":57,""Value"":""Zahra bint al-Rammah""}",,"{""@odata.type"":""#Microsoft.Azure.Connectors.SharePoint.SPListExpandedReference"",""Id"":4,""Value"":""Staff""}",,False,Pernicious Lily,False,[]
0,Lists%252fHeraldic%2bOffices%252f43_.000,43,Rivers,"{""@odata.type"":""#Microsoft.Azure.Connectors.SharePoint.SPListExpandedReference"",""Id"":1,""Value"":""An Tir""}",,,,,,"{""@odata.type"":""#Microsoft.Azure.Connectors.SharePoint.SPListExpandedReference"",""Id"":0,""Value"":""-unassigned-""}",,False,Rivers,False,[]
0,Lists%252fHeraldic%2bOffices%252f44_.000,44,Shattered Shield,"{""@odata.type"":""#Microsoft.Azure.Connectors.SharePoint.SPListExpandedReference"",""Id"":1,""Value"":""An Tir""}",,,,,,"{""@odata.type"":""#Microsoft.Azure.Connectors.SharePoint.SPListExpandedReference"",""Id"":0,""Value"":""-unassigned-""}",,False,Shattered Shield,False,[]
0,Lists%252fHeraldic%2bOffices%252f45_.000,45,Silver Lily,"{""@odata.type"":""#Microsoft.Azure.Connectors.SharePoint.SPListExpandedReference"",""Id"":1,""Value"":""An Tir""}",,,,,,"{""@odata.type"":""#Microsoft.Azure.Connectors.SharePoint.SPListExpandedReference"",""Id"":0,""Value"":""-unassigned-""}",,False,Silver Lily,False,[]
0,Lists%252fHeraldic%2bOffices%252f46_.000,46,Thorasian Cross,"{""@odata.type"":""#Microsoft.Azure.Connectors.SharePoint.SPListExpandedReference"",""Id"":1,""Value"":""An Tir""}",,,,,,"{""@odata.type"":""#Microsoft.Azure.Connectors.SharePoint.SPListExpandedReference"",""Id"":0,""Value"":""-unassigned-""}",,False,Thorasian Cross,False,[]
0,Lists%252fHeraldic%2bOffices%252f48_.000,48,Basilisk,"{""@odata.type"":""#Microsoft.Azure.Connectors.SharePoint.SPListExpandedReference"",""Id"":5,""Value"":""Wastekeep""}",Baronial Herald,herald.wastekeep@gmail.com,,"{""@odata.type"":""#Microsoft.Azure.Connectors.SharePoint.SPListExpandedReference"",""Id"":95,""Value"":""Dagrún Stjarna""}",,"{""@odata.type"":""#Microsoft.Azure.Connectors.SharePoint.SPListExpandedReference"",""Id"":5,""Value"":""Branch herald""}",,False,Basilisk,False,"[{""@odata.type"":""#Microsoft.Azure.Connectors.SharePoint.SPListExpandedReference"",""Id"":46,""Value"":""Þorkell Palsson""}]"
0,Lists%252fHeraldic%2bOffices%252f50_.000,50,Be Wayre,"{""@odata.type"":""#Microsoft.Azure.Connectors.SharePoint.SPListExpandedReference"",""Id"":6,""Value"":""Glymm Mere""}",Baronial Herald,GlymmMere.Herald@antir.org,2021-07-31,"{""@odata.type"":""#Microsoft.Azure.Connectors.SharePoint.SPListExpandedReference"",""Id"":124,""Value"":""Sybil Strangewayes""}",,"{""@odata.type"":""#Microsoft.Azure.Connectors.SharePoint.SPListExpandedReference"",""Id"":5,""Value"":""Branch herald""}",,False,Be Wayre,False,"[{""@odata.type"":""#Microsoft.Azure.Connectors.SharePoint.SPListExpandedReference"",""Id"":125,""Value"":""Hiorulf Sigmundr""}]"
0,Lists%252fHeraldic%2bOffices%252f51_.000,51,Bealidh,"{""@odata.type"":""#Microsoft.Azure.Connectors.SharePoint.SPListExpandedReference"",""Id"":7,""Value"":""Blatha an Oir""}",Baronial Herald,herald@blathaanoir.org,2020-07-31,"{""@odata.type"":""#Microsoft.Azure.Connectors.SharePoint.SPListExpandedReference"",""Id"":115,""Value"":""Alizand Thorgeirsson nee LeFevre""}",,"{""@odata.type"":""#Microsoft.Azure.Connectors.SharePoint.SPListExpandedReference"",""Id"":5,""Value"":""Branch herald""}",,False,Bealidh,False,[]
0,Lists%252fHeraldic%2bOffices%252f52_.000,52,Golden Dragon,"{""@odata.type"":""#Microsoft.Azure.Connectors.SharePoint.SPListExpandedReference"",""Id"":8,""Value"":""Dragon's Laire""}",Baronial Herald,herald@dragonslaire.org,2020-07-01,"{""@odata.type"":""#Microsoft.Azure.Connectors.SharePoint.SPListExpandedReference"",""Id"":29,""Value"":""Elisabeth de Rossignol""}",,"{""@odata.type"":""#Microsoft.Azure.Connectors.SharePoint.SPListExpandedReference"",""Id"":5,""Value"":""Branch herald""}",,False,Golden Dragon,False,[]
0,Lists%252fHeraldic%2bOffices%252f53_.000,53,Gorges,"{""@odata.type"":""#Microsoft.Azure.Connectors.SharePoint.SPListExpandedReference"",""Id"":9,""Value"":""Aquaterra""}",Baronial Herald,gorgesherald@aquaterra.antir.sca.org,2021-12-31,"{""@odata.type"":""#Microsoft.Azure.Connectors.SharePoint.SPListExpandedReference"",""Id"":112,""Value"":""Bjorn Atlason""}",,"{""@odata.type"":""#Microsoft.Azure.Connectors.SharePoint.SPListExpandedReference"",""Id"":5,""Value"":""Branch herald""}",False,False,Gorges,False,[]
0,Lists%252fHeraldic%2bOffices%252f54_.000,54,Mountains,"{""@odata.type"":""#Microsoft.Azure.Connectors.SharePoint.SPListExpandedReference"",""Id"":10,""Value"":""Three Mountains""}",Baronial Herald,herald@baronyofthreemountains.org,2018-10-31,"{""@odata.type"":""#Microsoft.Azure.Connectors.SharePoint.SPListExpandedReference"",""Id"":51,""Value"":""Kateline MacFarlane""}",,"{""@odata.type"":""#Microsoft.Azure.Connectors.SharePoint.SPListExpandedReference"",""Id"":5,""Value"":""Branch herald""}",,False,Mountains,False,[]
0,Lists%252fHeraldic%2bOffices%252f56_.000,56,Red Trident,"{""@odata.type"":""#Microsoft.Azure.Connectors.SharePoint.SPListExpandedReference"",""Id"":11,""Value"":""Stromgard""}",Baronial Herald,stromgardherald@gmail.com,2020-01-01,"{""@odata.type"":""#Microsoft.Azure.Connectors.SharePoint.SPListExpandedReference"",""Id"":102,""Value"":""Mattias von Schwarzenburg""}",,"{""@odata.type"":""#Microsoft.Azure.Connectors.SharePoint.SPListExpandedReference"",""Id"":5,""Value"":""Branch herald""}",,False,Red Trident,False,[]
0,Lists%252fHeraldic%2bOffices%252f57_.000,57,Three Oaks,"{""@odata.type"":""#Microsoft.Azure.Connectors.SharePoint.SPListExpandedReference"",""Id"":12,""Value"":""Wealdsmere""}",Baronial Herald,herald@baronyofwealdsmere.org,,"{""@odata.type"":""#Microsoft.Azure.Connectors.SharePoint.SPListExpandedReference"",""Id"":36,""Value"":""Raven Morgenstern""}",,"{""@odata.type"":""#Microsoft.Azure.Connectors.SharePoint.SPListExpandedReference"",""Id"":5,""Value"":""Branch herald""}",,False,Three Oaks,False,[]
0,Lists%252fHeraldic%2bOffices%252f59_.000,59,Golden Bear,"{""@odata.type"":""#Microsoft.Azure.Connectors.SharePoint.SPListExpandedReference"",""Id"":14,""Value"":""Adiantum""}",Baronial Herald,Adiantum.Herald@antir.org,2020-07-31,"{""@odata.type"":""#Microsoft.Azure.Connectors.SharePoint.SPListExpandedReference"",""Id"":113,""Value"":""Lucius von Bamberg""}",,"{""@odata.type"":""#Microsoft.Azure.Connectors.SharePoint.SPListExpandedReference"",""Id"":5,""Value"":""Branch herald""}",False,False,Golden Bear,False,[]
0,Lists%252fHeraldic%2bOffices%252f60_.000,60,Hazel Leaf,"{""@odata.type"":""#Microsoft.Azure.Connectors.SharePoint.SPListExpandedReference"",""Id"":15,""Value"":""Terra Pomaria""}",Baronial Herald,tpbaronialherald@gmail.com,2020-08-31,"{""@odata.type"":""#Microsoft.Azure.Connectors.SharePoint.SPListExpandedReference"",""Id"":114,""Value"":""Marcus Valerius Taurus""}",,"{""@odata.type"":""#Microsoft.Azure.Connectors.SharePoint.SPListExpandedReference"",""Id"":5,""Value"":""Branch herald""}",False,False,Hazel Leaf,False,[]
0,Lists%252fHeraldic%2bOffices%252f61_.000,61,Coquille,"{""@odata.type"":""#Microsoft.Azure.Connectors.SharePoint.SPListExpandedReference"",""Id"":16,""Value"":""Seagirt""}",Baronial Herald,herald@seagirt.tirrigh.org,2020-01-07,"{""@odata.type"":""#Microsoft.Azure.Connectors.SharePoint.SPListExpandedReference"",""Id"":134,""Value"":""Elina of York""}",,"{""@odata.type"":""#Microsoft.Azure.Connectors.SharePoint.SPListExpandedReference"",""Id"":5,""Value"":""Branch herald""}",,False,Coquille,False,[]
0,Lists%252fHeraldic%2bOffices%252f62_.000,62,Sable Loat,"{""@odata.type"":""#Microsoft.Azure.Connectors.SharePoint.SPListExpandedReference"",""Id"":17,""Value"":""Lions Gate""}",Baronial Herald,herald@lionsgate.tirrigh.org,2021-01-08,"{""@odata.type"":""#Microsoft.Azure.Connectors.SharePoint.SPListExpandedReference"",""Id"":131,""Value"":""Steffan Drakkar""}",,"{""@odata.type"":""#Microsoft.Azure.Connectors.SharePoint.SPListExpandedReference"",""Id"":5,""Value"":""Branch herald""}",,False,Sable Loat,False,[]
0,Lists%252fHeraldic%2bOffices%252f63_.000,63,Vulcanfeldt,"{""@odata.type"":""#Microsoft.Azure.Connectors.SharePoint.SPListExpandedReference"",""Id"":18,""Value"":""Vulcanfeldt""}",Baronial Herald,,2019-01-01,"{""@odata.type"":""#Microsoft.Azure.Connectors.SharePoint.SPListExpandedReference"",""Id"":35,""Value"":""Rurik Gjafvaldsson""}",,"{""@odata.type"":""#Microsoft.Azure.Connectors.SharePoint.SPListExpandedReference"",""Id"":5,""Value"":""Branch herald""}",,False,Vulcanfeldt,False,[]
0,Lists%252fHeraldic%2bOffices%252f64_.000,64,Blak Shepe,"{""@odata.type"":""#Microsoft.Azure.Connectors.SharePoint.SPListExpandedReference"",""Id"":21,""Value"":""Wyewood""}",Baronial Herald,herald@wyewood.org,2019-07-31,"{""@odata.type"":""#Microsoft.Azure.Connectors.SharePoint.SPListExpandedReference"",""Id"":48,""Value"":""Avine de Hert""}",,"{""@odata.type"":""#Microsoft.Azure.Connectors.SharePoint.SPListExpandedReference"",""Id"":5,""Value"":""Branch herald""}",,False,Blak Shepe,False,[]
0,Lists%252fHeraldic%2bOffices%252f67_.000,67,Fire Mountain Keep,"{""@odata.type"":""#Microsoft.Azure.Connectors.SharePoint.SPListExpandedReference"",""Id"":20,""Value"":""Fire Mountain Keep""}",Branch Officer,herald@firemountainkeep.org,,"{""@odata.type"":""#Microsoft.Azure.Connectors.SharePoint.SPListExpandedReference"",""Id"":37,""Value"":""Quillemette de Calemoutier""}",,"{""@odata.type"":""#Microsoft.Azure.Connectors.SharePoint.SPListExpandedReference"",""Id"":5,""Value"":""Branch herald""}",,False,Fire Mountain Keep,False,[]
0,Lists%252fHeraldic%2bOffices%252f68_.000,68,Rivers Bend,"{""@odata.type"":""#Microsoft.Azure.Connectors.SharePoint.SPListExpandedReference"",""Id"":22,""Value"":""Rivers Bend""}",Branch Officer,charlenesowersb52@gmail.com,,"{""@odata.type"":""#Microsoft.Azure.Connectors.SharePoint.SPListExpandedReference"",""Id"":40,""Value"":""Eglentyne Merryweather""}",,"{""@odata.type"":""#Microsoft.Azure.Connectors.SharePoint.SPListExpandedReference"",""Id"":5,""Value"":""Branch herald""}",,False,Rivers Bend,False,[]
0,Lists%252fHeraldic%2bOffices%252f69_.000,69,Akornebir,"{""@odata.type"":""#Microsoft.Azure.Connectors.SharePoint.SPListExpandedReference"",""Id"":23,""Value"":""Akornebir""}",Branch Officer,,2018-12-31,"{""@odata.type"":""#Microsoft.Azure.Connectors.SharePoint.SPListExpandedReference"",""Id"":46,""Value"":""Þorkell Palsson""}",,"{""@odata.type"":""#Microsoft.Azure.Connectors.SharePoint.SPListExpandedReference"",""Id"":5,""Value"":""Branch herald""}",False,False,Akornebir,False,[]
0,Lists%252fHeraldic%2bOffices%252f70_.000,70,Cranehaven,"{""@odata.type"":""#Microsoft.Azure.Connectors.SharePoint.SPListExpandedReference"",""Id"":24,""Value"":""Cranehaven""}",Branch Officer,,,,,"{""@odata.type"":""#Microsoft.Azure.Connectors.SharePoint.SPListExpandedReference"",""Id"":5,""Value"":""Branch herald""}",,False,Cranehaven,False,[]
0,Lists%252fHeraldic%2bOffices%252f73_.000,73,Porte de l'Eau,"{""@odata.type"":""#Microsoft.Azure.Connectors.SharePoint.SPListExpandedReference"",""Id"":25,""Value"":""Porte de l'Eau""}",Branch Officer,annerosesmythe@gmail.com,2020-09-30,"{""@odata.type"":""#Microsoft.Azure.Connectors.SharePoint.SPListExpandedReference"",""Id"":58,""Value"":""Anne Rose Smythe""}",,"{""@odata.type"":""#Microsoft.Azure.Connectors.SharePoint.SPListExpandedReference"",""Id"":5,""Value"":""Branch herald""}",,False,Porte de l'Eau,False,[]
0,Lists%252fHeraldic%2bOffices%252f74_.000,74,Thornwold,"{""@odata.type"":""#Microsoft.Azure.Connectors.SharePoint.SPListExpandedReference"",""Id"":19,""Value"":""Thornwold""}",Branch Officer,,2021-08-15,"{""@odata.type"":""#Microsoft.Azure.Connectors.SharePoint.SPListExpandedReference"",""Id"":33,""Value"":""Morgan of Aberystwyth""}",,"{""@odata.type"":""#Microsoft.Azure.Connectors.SharePoint.SPListExpandedReference"",""Id"":5,""Value"":""Branch herald""}",,False,Thornwold,False,[]
0,Lists%252fHeraldic%2bOffices%252f75_.000,75,Lyonsmarche,"{""@odata.type"":""#Microsoft.Azure.Connectors.SharePoint.SPListExpandedReference"",""Id"":26,""Value"":""Lyonsmarche""}",Branch Officer,,,,,"{""@odata.type"":""#Microsoft.Azure.Connectors.SharePoint.SPListExpandedReference"",""Id"":5,""Value"":""Branch herald""}",,False,Lyonsmarche,False,[]
0,Lists%252fHeraldic%2bOffices%252f77_.000,77,Hauksgarðr,"{""@odata.type"":""#Microsoft.Azure.Connectors.SharePoint.SPListExpandedReference"",""Id"":27,""Value"":""Hauksgarðr""}",Branch Officer,mizumador@gmail.com,2021-07-31,"{""@odata.type"":""#Microsoft.Azure.Connectors.SharePoint.SPListExpandedReference"",""Id"":119,""Value"":""Otryggr Skapti""}",,"{""@odata.type"":""#Microsoft.Azure.Connectors.SharePoint.SPListExpandedReference"",""Id"":5,""Value"":""Branch herald""}",,False,Hauksgarðr,False,[]
0,Lists%252fHeraldic%2bOffices%252f78_.000,78,Ambergard,"{""@odata.type"":""#Microsoft.Azure.Connectors.SharePoint.SPListExpandedReference"",""Id"":29,""Value"":""Ambergard""}",Branch Officer,,,,,"{""@odata.type"":""#Microsoft.Azure.Connectors.SharePoint.SPListExpandedReference"",""Id"":5,""Value"":""Branch herald""}",,False,Ambergard,False,[]
0,Lists%252fHeraldic%2bOffices%252f79_.000,79,Appledore,"{""@odata.type"":""#Microsoft.Azure.Connectors.SharePoint.SPListExpandedReference"",""Id"":42,""Value"":""Appledore""}",Branch Officer,,,,,"{""@odata.type"":""#Microsoft.Azure.Connectors.SharePoint.SPListExpandedReference"",""Id"":5,""Value"":""Branch herald""}",,False,Appledore,False,[]
0,Lists%252fHeraldic%2bOffices%252f80_.000,80,Bearwood,"{""@odata.type"":""#Microsoft.Azure.Connectors.SharePoint.SPListExpandedReference"",""Id"":33,""Value"":""Bearwood""}",Branch Officer,,,"{""@odata.type"":""#Microsoft.Azure.Connectors.SharePoint.SPListExpandedReference"",""Id"":126,""Value"":""Jason ye Seolfer-tunged""}",,"{""@odata.type"":""#Microsoft.Azure.Connectors.SharePoint.SPListExpandedReference"",""Id"":5,""Value"":""Branch herald""}",,False,Bearwood,False,[]
0,Lists%252fHeraldic%2bOffices%252f81_.000,81,Briaroak,"{""@odata.type"":""#Microsoft.Azure.Connectors.SharePoint.SPListExpandedReference"",""Id"":53,""Value"":""Briaroak""}",Branch Officer,,,"{""@odata.type"":""#Microsoft.Azure.Connectors.SharePoint.SPListExpandedReference"",""Id"":117,""Value"":""Rose Scarlett Graham""}",,"{""@odata.type"":""#Microsoft.Azure.Connectors.SharePoint.SPListExpandedReference"",""Id"":5,""Value"":""Branch herald""}",,False,Briaroak,False,[]
0,Lists%252fHeraldic%2bOffices%252f82_.000,82,Cae Mor,"{""@odata.type"":""#Microsoft.Azure.Connectors.SharePoint.SPListExpandedReference"",""Id"":43,""Value"":""Cae Mor""}",Branch Officer,,,,,"{""@odata.type"":""#Microsoft.Azure.Connectors.SharePoint.SPListExpandedReference"",""Id"":5,""Value"":""Branch herald""}",,False,Cae Mor,False,[]
0,Lists%252fHeraldic%2bOffices%252f83_.000,83,Coeur du Val,"{""@odata.type"":""#Microsoft.Azure.Connectors.SharePoint.SPListExpandedReference"",""Id"":54,""Value"":""Coeur du Val""}",Branch Officer,wilhelm@hostman.us,2020-07-31,"{""@odata.type"":""#Microsoft.Azure.Connectors.SharePoint.SPListExpandedReference"",""Id"":107,""Value"":""Wilhelm von Dusseldorf""}",,"{""@odata.type"":""#Microsoft.Azure.Connectors.SharePoint.SPListExpandedReference"",""Id"":5,""Value"":""Branch herald""}",,False,Coeur du Val,False,[]
0,Lists%252fHeraldic%2bOffices%252f84_.000,84,Coill Mhor,"{""@odata.type"":""#Microsoft.Azure.Connectors.SharePoint.SPListExpandedReference"",""Id"":44,""Value"":""Coill Mhor""}",Branch Officer,,,,,"{""@odata.type"":""#Microsoft.Azure.Connectors.SharePoint.SPListExpandedReference"",""Id"":5,""Value"":""Branch herald""}",,False,Coill Mhor,False,[]
0,Lists%252fHeraldic%2bOffices%252f85_.000,85,Cold Keep,"{""@odata.type"":""#Microsoft.Azure.Connectors.SharePoint.SPListExpandedReference"",""Id"":45,""Value"":""Cold Keep""}",Branch Officer,,,,,"{""@odata.type"":""#Microsoft.Azure.Connectors.SharePoint.SPListExpandedReference"",""Id"":5,""Value"":""Branch herald""}",,False,Cold Keep,False,[]
0,Lists%252fHeraldic%2bOffices%252f86_.000,86,Corvaria,"{""@odata.type"":""#Microsoft.Azure.Connectors.SharePoint.SPListExpandedReference"",""Id"":55,""Value"":""Corvaria""}",Branch Officer,,,,,"{""@odata.type"":""#Microsoft.Azure.Connectors.SharePoint.SPListExpandedReference"",""Id"":5,""Value"":""Branch herald""}",,False,Corvaria,False,[]
0,Lists%252fHeraldic%2bOffices%252f87_.000,87,Danescombe,"{""@odata.type"":""#Microsoft.Azure.Connectors.SharePoint.SPListExpandedReference"",""Id"":46,""Value"":""Danesombe""}",Branch Officer,,,"{""@odata.type"":""#Microsoft.Azure.Connectors.SharePoint.SPListExpandedReference"",""Id"":80,""Value"":""Taliesin ap Hafgan""}",,"{""@odata.type"":""#Microsoft.Azure.Connectors.SharePoint.SPListExpandedReference"",""Id"":5,""Value"":""Branch herald""}",,False,Danescombe,False,[]
0,Lists%252fHeraldic%2bOffices%252f88_.000,88,Dregate,"{""@odata.type"":""#Microsoft.Azure.Connectors.SharePoint.SPListExpandedReference"",""Id"":34,""Value"":""Dregate""}",Branch Officer,,2018-10-31,,,"{""@odata.type"":""#Microsoft.Azure.Connectors.SharePoint.SPListExpandedReference"",""Id"":5,""Value"":""Branch herald""}",,False,Dregate,False,[]
0,Lists%252fHeraldic%2bOffices%252f89_.000,89,Druim Doinnean,"{""@odata.type"":""#Microsoft.Azure.Connectors.SharePoint.SPListExpandedReference"",""Id"":31,""Value"":""Druim Doinnean""}",Branch Officer,druimdoineann.herald@antir.org,2020-11-01,"{""@odata.type"":""#Microsoft.Azure.Connectors.SharePoint.SPListExpandedReference"",""Id"":111,""Value"":""Máel Cáemgein Mac Seamuis Ui Conchobhair""}",,"{""@odata.type"":""#Microsoft.Azure.Connectors.SharePoint.SPListExpandedReference"",""Id"":5,""Value"":""Branch herald""}",False,False,Druim Doinnean,False,[]
0,Lists%252fHeraldic%2bOffices%252f90_.000,90,Earnrokke,"{""@odata.type"":""#Microsoft.Azure.Connectors.SharePoint.SPListExpandedReference"",""Id"":35,""Value"":""Earnrokke""}",Branch Officer,,,,,"{""@odata.type"":""#Microsoft.Azure.Connectors.SharePoint.SPListExpandedReference"",""Id"":5,""Value"":""Branch herald""}",,False,Earnrokke,False,[]
0,Lists%252fHeraldic%2bOffices%252f91_.000,91,False Isle,"{""@odata.type"":""#Microsoft.Azure.Connectors.SharePoint.SPListExpandedReference"",""Id"":47,""Value"":""False Isle""}",Branch Officer,,,"{""@odata.type"":""#Microsoft.Azure.Connectors.SharePoint.SPListExpandedReference"",""Id"":61,""Value"":""Alicia le Wilfulle""}",,"{""@odata.type"":""#Microsoft.Azure.Connectors.SharePoint.SPListExpandedReference"",""Id"":5,""Value"":""Branch herald""}",,False,False Isle,False,[]
0,Lists%252fHeraldic%2bOffices%252f92_.000,92,Fjordland,"{""@odata.type"":""#Microsoft.Azure.Connectors.SharePoint.SPListExpandedReference"",""Id"":48,""Value"":""Fjordland""}",Branch Officer,,,"{""@odata.type"":""#Microsoft.Azure.Connectors.SharePoint.SPListExpandedReference"",""Id"":81,""Value"":""Serge Fjetland""}",,"{""@odata.type"":""#Microsoft.Azure.Connectors.SharePoint.SPListExpandedReference"",""Id"":5,""Value"":""Branch herald""}",,False,Fjordland,False,[]
0,Lists%252fHeraldic%2bOffices%252f93_.000,93,Glyn Dwfn,"{""@odata.type"":""#Microsoft.Azure.Connectors.SharePoint.SPListExpandedReference"",""Id"":56,""Value"":""Glyn Dwfn""}",Branch Officer,,,"{""@odata.type"":""#Microsoft.Azure.Connectors.SharePoint.SPListExpandedReference"",""Id"":96,""Value"":""Robbin Bowring""}",,"{""@odata.type"":""#Microsoft.Azure.Connectors.SharePoint.SPListExpandedReference"",""Id"":5,""Value"":""Branch herald""}",,False,Glyn Dwfn,False,[]
0,Lists%252fHeraldic%2bOffices%252f94_.000,94,Grimwithshire,"{""@odata.type"":""#Microsoft.Azure.Connectors.SharePoint.SPListExpandedReference"",""Id"":36,""Value"":""Grimwithshire""}",Branch Officer,,,,,"{""@odata.type"":""#Microsoft.Azure.Connectors.SharePoint.SPListExpandedReference"",""Id"":5,""Value"":""Branch herald""}",,False,Grimwithshire,False,[]
0,Lists%252fHeraldic%2bOffices%252f95_.000,95,Hartwood,"{""@odata.type"":""#Microsoft.Azure.Connectors.SharePoint.SPListExpandedReference"",""Id"":49,""Value"":""Hartwood""}",Branch Officer,herald@hartwood.tirrigh.org,2020-04-30,"{""@odata.type"":""#Microsoft.Azure.Connectors.SharePoint.SPListExpandedReference"",""Id"":103,""Value"":""Elphin O Flaithbheartaigh""}",,"{""@odata.type"":""#Microsoft.Azure.Connectors.SharePoint.SPListExpandedReference"",""Id"":5,""Value"":""Branch herald""}",,False,Hartwood,False,[]
0,Lists%252fHeraldic%2bOffices%252f96_.000,96,Kaldor Ness,"{""@odata.type"":""#Microsoft.Azure.Connectors.SharePoint.SPListExpandedReference"",""Id"":40,""Value"":""Kaldor Ness""}",Branch Officer,madmarshalls@gmail.com,2021-07-31,"{""@odata.type"":""#Microsoft.Azure.Connectors.SharePoint.SPListExpandedReference"",""Id"":118,""Value"":""Muireann inghean ui Mhuirneachain""}",,"{""@odata.type"":""#Microsoft.Azure.Connectors.SharePoint.SPListExpandedReference"",""Id"":5,""Value"":""Branch herald""}",,False,Kaldor Ness,False,[]
0,Lists%252fHeraldic%2bOffices%252f97_.000,97,Krakafjord,"{""@odata.type"":""#Microsoft.Azure.Connectors.SharePoint.SPListExpandedReference"",""Id"":50,""Value"":""Krakafjord""}",Branch Officer,herald@krakenfjord.com,,"{""@odata.type"":""#Microsoft.Azure.Connectors.SharePoint.SPListExpandedReference"",""Id"":83,""Value"":""Kenna Graham""}",,"{""@odata.type"":""#Microsoft.Azure.Connectors.SharePoint.SPListExpandedReference"",""Id"":5,""Value"":""Branch herald""}",,False,Krakafjord,False,[]
0,Lists%252fHeraldic%2bOffices%252f98_.000,98,Lionsdale,"{""@odata.type"":""#Microsoft.Azure.Connectors.SharePoint.SPListExpandedReference"",""Id"":51,""Value"":""Lionsdale""}",Branch Officer,,,"{""@odata.type"":""#Microsoft.Azure.Connectors.SharePoint.SPListExpandedReference"",""Id"":122,""Value"":""Elspeth Farre""}",,"{""@odata.type"":""#Microsoft.Azure.Connectors.SharePoint.SPListExpandedReference"",""Id"":5,""Value"":""Branch herald""}",,False,Lionsdale,False,[]
0,Lists%252fHeraldic%2bOffices%252f100_.000,100,Midhaven,"{""@odata.type"":""#Microsoft.Azure.Connectors.SharePoint.SPListExpandedReference"",""Id"":38,""Value"":""Midhaven""}",Branch Officer,,,,,"{""@odata.type"":""#Microsoft.Azure.Connectors.SharePoint.SPListExpandedReference"",""Id"":5,""Value"":""Branch herald""}",,False,Midhaven,False,[]
0,Lists%252fHeraldic%2bOffices%252f101_.000,101,Mountain Edge,"{""@odata.type"":""#Microsoft.Azure.Connectors.SharePoint.SPListExpandedReference"",""Id"":28,""Value"":""Mountain Edge""}",Branch Officer,,,"{""@odata.type"":""#Microsoft.Azure.Connectors.SharePoint.SPListExpandedReference"",""Id"":75,""Value"":""Earc mac Fíthal""}",,"{""@odata.type"":""#Microsoft.Azure.Connectors.SharePoint.SPListExpandedReference"",""Id"":5,""Value"":""Branch herald""}",,False,Mountain Edge,False,[]
0,Lists%252fHeraldic%2bOffices%252f102_.000,102,Myrtle Holt,"{""@odata.type"":""#Microsoft.Azure.Connectors.SharePoint.SPListExpandedReference"",""Id"":57,""Value"":""Myrtle Holt""}",Branch Officer,,,"{""@odata.type"":""#Microsoft.Azure.Connectors.SharePoint.SPListExpandedReference"",""Id"":100,""Value"":""Brynhildr Smiðsdottir""}",,"{""@odata.type"":""#Microsoft.Azure.Connectors.SharePoint.SPListExpandedReference"",""Id"":5,""Value"":""Branch herald""}",,False,Myrtle Holt,False,[]
0,Lists%252fHeraldic%2bOffices%252f103_.000,103,Pendale,"{""@odata.type"":""#Microsoft.Azure.Connectors.SharePoint.SPListExpandedReference"",""Id"":39,""Value"":""Pendale""}",Branch Officer,,,,,"{""@odata.type"":""#Microsoft.Azure.Connectors.SharePoint.SPListExpandedReference"",""Id"":5,""Value"":""Branch herald""}",,False,Pendale,False,[]
0,Lists%252fHeraldic%2bOffices%252f104_.000,104,Ramsgaard,"{""@odata.type"":""#Microsoft.Azure.Connectors.SharePoint.SPListExpandedReference"",""Id"":30,""Value"":""Ramsgaard""}",Branch Officer,herald@ramsgaard.tirrigh.org,,"{""@odata.type"":""#Microsoft.Azure.Connectors.SharePoint.SPListExpandedReference"",""Id"":84,""Value"":""Zarah Loba""}",,"{""@odata.type"":""#Microsoft.Azure.Connectors.SharePoint.SPListExpandedReference"",""Id"":5,""Value"":""Branch herald""}",,False,Ramsgaard,False,[]
0,Lists%252fHeraldic%2bOffices%252f105_.000,105,Silverhart,"{""@odata.type"":""#Microsoft.Azure.Connectors.SharePoint.SPListExpandedReference"",""Id"":41,""Value"":""Silverhart""}",Branch Officer,,,,,"{""@odata.type"":""#Microsoft.Azure.Connectors.SharePoint.SPListExpandedReference"",""Id"":5,""Value"":""Branch herald""}",,False,Silverhart,False,[]
0,Lists%252fHeraldic%2bOffices%252f106_.000,106,Southmarch,"{""@odata.type"":""#Microsoft.Azure.Connectors.SharePoint.SPListExpandedReference"",""Id"":58,""Value"":""Southmarch""}",Branch Officer,,,"{""@odata.type"":""#Microsoft.Azure.Connectors.SharePoint.SPListExpandedReference"",""Id"":79,""Value"":""Myrgjol bjarnardottir""}",,"{""@odata.type"":""#Microsoft.Azure.Connectors.SharePoint.SPListExpandedReference"",""Id"":5,""Value"":""Branch herald""}",,False,Southmarch,False,[]
0,Lists%252fHeraldic%2bOffices%252f107_.000,107,Saint Bunstable,"{""@odata.type"":""#Microsoft.Azure.Connectors.SharePoint.SPListExpandedReference"",""Id"":37,""Value"":""Saint Bunstable""}",Branch Officer,,,,,"{""@odata.type"":""#Microsoft.Azure.Connectors.SharePoint.SPListExpandedReference"",""Id"":5,""Value"":""Branch herald""}",,False,Saint Bunstable,False,[]
0,Lists%252fHeraldic%2bOffices%252f108_.000,108,Tir Bannog,"{""@odata.type"":""#Microsoft.Azure.Connectors.SharePoint.SPListExpandedReference"",""Id"":52,""Value"":""Tir Bannog""}",Branch Officer,,,"{""@odata.type"":""#Microsoft.Azure.Connectors.SharePoint.SPListExpandedReference"",""Id"":85,""Value"":""Alys Lakewood""}",,"{""@odata.type"":""#Microsoft.Azure.Connectors.SharePoint.SPListExpandedReference"",""Id"":5,""Value"":""Branch herald""}",,False,Tir Bannog,False,[]
0,Lists%252fHeraldic%2bOffices%252f109_.000,109,Tymberhavene,"{""@odata.type"":""#Microsoft.Azure.Connectors.SharePoint.SPListExpandedReference"",""Id"":32,""Value"":""Tymberhavene""}",Branch Officer,,,,,"{""@odata.type"":""#Microsoft.Azure.Connectors.SharePoint.SPListExpandedReference"",""Id"":5,""Value"":""Branch herald""}",,False,Tymberhavene,False,[]
0,Lists%252fHeraldic%2bOffices%252f110_.000,110,Black Antelope,"{""@odata.type"":""#Microsoft.Azure.Connectors.SharePoint.SPListExpandedReference"",""Id"":1,""Value"":""An Tir""}",,,,,,"{""@odata.type"":""#Microsoft.Azure.Connectors.SharePoint.SPListExpandedReference"",""Id"":0,""Value"":""-unassigned-""}",,False,Black Antelope,False,[]
0,Lists%252fHeraldic%2bOffices%252f111_.000,111,Hafoc,"{""@odata.type"":""#Microsoft.Azure.Connectors.SharePoint.SPListExpandedReference"",""Id"":2,""Value"":""Tir Rígh""}",Contingency,herald@tirrigh.org,2021-09-06,"{""@odata.type"":""#Microsoft.Azure.Connectors.SharePoint.SPListExpandedReference"",""Id"":63,""Value"":""Edwina de Herst""}",,"{""@odata.type"":""#Microsoft.Azure.Connectors.SharePoint.SPListExpandedReference"",""Id"":3,""Value"":""Administration""}",True,False,Hafoc,False,[]
0,Lists%252fHeraldic%2bOffices%252f112_.000,112,Tir Rígh Reporting Deputy,"{""@odata.type"":""#Microsoft.Azure.Connectors.SharePoint.SPListExpandedReference"",""Id"":2,""Value"":""Tir Rígh""}",Reports,reportingherald@tirrigh.org,,,,"{""@odata.type"":""#Microsoft.Azure.Connectors.SharePoint.SPListExpandedReference"",""Id"":3,""Value"":""Administration""}",,False,Tir Rígh Reporting Deputy,False,[]
0,Lists%252fHeraldic%2bOffices%252f113_.000,113,Silver Pillar,"{""@odata.type"":""#Microsoft.Azure.Connectors.SharePoint.SPListExpandedReference"",""Id"":2,""Value"":""Tir Rígh""}",Order of Precedence,op@tirrigh.org,2019-11-02,"{""@odata.type"":""#Microsoft.Azure.Connectors.SharePoint.SPListExpandedReference"",""Id"":97,""Value"":""Rose Cam-beul""}",,"{""@odata.type"":""#Microsoft.Azure.Connectors.SharePoint.SPListExpandedReference"",""Id"":8,""Value"":""Court""}",,False,Silver Pillar,False,[]
0,Lists%252fHeraldic%2bOffices%252f114_.000,114,Red Flame,"{""@odata.type"":""#Microsoft.Azure.Connectors.SharePoint.SPListExpandedReference"",""Id"":2,""Value"":""Tir Rígh""}",Submissions,redflame@tirrigh.org,2021-07-15,"{""@odata.type"":""#Microsoft.Azure.Connectors.SharePoint.SPListExpandedReference"",""Id"":98,""Value"":""Sadhbh Bheag inghean Toirrdhealbhaigh""}",,"{""@odata.type"":""#Microsoft.Azure.Connectors.SharePoint.SPListExpandedReference"",""Id"":7,""Value"":""Submissions""}",True,False,Red Flame,False,"[{""@odata.type"":""#Microsoft.Azure.Connectors.SharePoint.SPListExpandedReference"",""Id"":62,""Value"":""Cunegonda of Hartwood""},{""@odata.type"":""#Microsoft.Azure.Connectors.SharePoint.SPListExpandedReference"",""Id"":122,""Value"":""Elspeth Farre""}]"
0,Lists%252fHeraldic%2bOffices%252f115_.000,115,Silver Sparkes,"{""@odata.type"":""#Microsoft.Azure.Connectors.SharePoint.SPListExpandedReference"",""Id"":2,""Value"":""Tir Rígh""}",Clerk,silversparkes@tirrigh.org,2021-07-13,"{""@odata.type"":""#Microsoft.Azure.Connectors.SharePoint.SPListExpandedReference"",""Id"":122,""Value"":""Elspeth Farre""}",,"{""@odata.type"":""#Microsoft.Azure.Connectors.SharePoint.SPListExpandedReference"",""Id"":7,""Value"":""Submissions""}",False,False,Silver Sparkes,False,[]
0,Lists%252fHeraldic%2bOffices%252f116_.000,116,Blue Inkhorn,"{""@odata.type"":""#Microsoft.Azure.Connectors.SharePoint.SPListExpandedReference"",""Id"":2,""Value"":""Tir Rígh""}",Notifications,blueinkhorn@tirrigh.org,2021-02-13,"{""@odata.type"":""#Microsoft.Azure.Connectors.SharePoint.SPListExpandedReference"",""Id"":62,""Value"":""Cunegonda of Hartwood""}",,"{""@odata.type"":""#Microsoft.Azure.Connectors.SharePoint.SPListExpandedReference"",""Id"":7,""Value"":""Submissions""}",,False,Blue Inkhorn,False,[]
0,Lists%252fHeraldic%2bOffices%252f117_.000,117,Silver Wolf,"{""@odata.type"":""#Microsoft.Azure.Connectors.SharePoint.SPListExpandedReference"",""Id"":2,""Value"":""Tir Rígh""}",Field and Crier,silverwolf@tirrigh.org,2020-07-31,"{""@odata.type"":""#Microsoft.Azure.Connectors.SharePoint.SPListExpandedReference"",""Id"":134,""Value"":""Elina of York""}",,"{""@odata.type"":""#Microsoft.Azure.Connectors.SharePoint.SPListExpandedReference"",""Id"":9,""Value"":""Tournament""}",,False,Silver Wolf,False,[]
0,Lists%252fHeraldic%2bOffices%252f118_.000,118,Black Adderbolt,"{""@odata.type"":""#Microsoft.Azure.Connectors.SharePoint.SPListExpandedReference"",""Id"":2,""Value"":""Tir Rígh""}",Education,blackadderbolt@tirrigh.org,2021-08-17,"{""@odata.type"":""#Microsoft.Azure.Connectors.SharePoint.SPListExpandedReference"",""Id"":132,""Value"":""Theodora van Zeeland""}",,"{""@odata.type"":""#Microsoft.Azure.Connectors.SharePoint.SPListExpandedReference"",""Id"":6,""Value"":""Education""}",,False,Black Adderbolt,False,[]
0,Lists%252fHeraldic%2bOffices%252f119_.000,119,Lynx,"{""@odata.type"":""#Microsoft.Azure.Connectors.SharePoint.SPListExpandedReference"",""Id"":2,""Value"":""Tir Rígh""}",Web,lynx@tirrigh.org,,"{""@odata.type"":""#Microsoft.Azure.Connectors.SharePoint.SPListExpandedReference"",""Id"":99,""Value"":""Wulfwyn of Meduseld""}",,"{""@odata.type"":""#Microsoft.Azure.Connectors.SharePoint.SPListExpandedReference"",""Id"":4,""Value"":""Staff""}",,False,Lynx,False,[]
0,Lists%252fHeraldic%2bOffices%252f121_.000,121,Pomegranate,"{""@odata.type"":""#Microsoft.Azure.Connectors.SharePoint.SPListExpandedReference"",""Id"":1,""Value"":""An Tir""}",,gulesandor@gmail.com,,"{""@odata.type"":""#Microsoft.Azure.Connectors.SharePoint.SPListExpandedReference"",""Id"":29,""Value"":""Elisabeth de Rossignol""}",,"{""@odata.type"":""#Microsoft.Azure.Connectors.SharePoint.SPListExpandedReference"",""Id"":11,""Value"":""Heralds Extraordinary""}",False,True,Pomegranate,False,[]
0,Lists%252fHeraldic%2bOffices%252f123_.000,123,Electrum,"{""@odata.type"":""#Microsoft.Azure.Connectors.SharePoint.SPListExpandedReference"",""Id"":1,""Value"":""An Tir""}",,,,"{""@odata.type"":""#Microsoft.Azure.Connectors.SharePoint.SPListExpandedReference"",""Id"":92,""Value"":""David of Moffat""}",,"{""@odata.type"":""#Microsoft.Azure.Connectors.SharePoint.SPListExpandedReference"",""Id"":11,""Value"":""Heralds Extraordinary""}",False,True,Electrum,False,[]
0,Lists%252fHeraldic%2bOffices%252f127_.000,127,Black Stag,"{""@odata.type"":""#Microsoft.Azure.Connectors.SharePoint.SPListExpandedReference"",""Id"":1,""Value"":""An Tir""}",,,,"{""@odata.type"":""#Microsoft.Azure.Connectors.SharePoint.SPListExpandedReference"",""Id"":28,""Value"":""Zenobia Naphtali""}",,"{""@odata.type"":""#Microsoft.Azure.Connectors.SharePoint.SPListExpandedReference"",""Id"":11,""Value"":""Heralds Extraordinary""}",False,True,Black Stag,False,[]
0,Lists%252fHeraldic%2bOffices%252f128_.000,128,Dandelion,"{""@odata.type"":""#Microsoft.Azure.Connectors.SharePoint.SPListExpandedReference"",""Id"":1,""Value"":""An Tir""}",,,,"{""@odata.type"":""#Microsoft.Azure.Connectors.SharePoint.SPListExpandedReference"",""Id"":32,""Value"":""Saewynn Silfrhrafn""}",,"{""@odata.type"":""#Microsoft.Azure.Connectors.SharePoint.SPListExpandedReference"",""Id"":11,""Value"":""Heralds Extraordinary""}",False,True,Dandelion,False,[]
0,Lists%252fHeraldic%2bOffices%252f129_.000,129,Finngall McKetterick,"{""@odata.type"":""#Microsoft.Azure.Connectors.SharePoint.SPListExpandedReference"",""Id"":1,""Value"":""An Tir""}",,,,"{""@odata.type"":""#Microsoft.Azure.Connectors.SharePoint.SPListExpandedReference"",""Id"":9,""Value"":""Finngall McKetterick""}",,"{""@odata.type"":""#Microsoft.Azure.Connectors.SharePoint.SPListExpandedReference"",""Id"":11,""Value"":""Heralds Extraordinary""}",False,True,Finngall McKetterick,False,[]
0,Lists%252fHeraldic%2bOffices%252f130_.000,130,Sphinx,"{""@odata.type"":""#Microsoft.Azure.Connectors.SharePoint.SPListExpandedReference"",""Id"":1,""Value"":""An Tir""}",,sphinx@antir.org,,"{""@odata.type"":""#Microsoft.Azure.Connectors.SharePoint.SPListExpandedReference"",""Id"":19,""Value"":""Richenda du Jardin""}",,"{""@odata.type"":""#Microsoft.Azure.Connectors.SharePoint.SPListExpandedReference"",""Id"":11,""Value"":""Heralds Extraordinary""}",False,True,Sphinx,False,[]
0,Lists%252fHeraldic%2bOffices%252f131_.000,131,Siren,"{""@odata.type"":""#Microsoft.Azure.Connectors.SharePoint.SPListExpandedReference"",""Id"":1,""Value"":""An Tir""}",,,,"{""@odata.type"":""#Microsoft.Azure.Connectors.SharePoint.SPListExpandedReference"",""Id"":10,""Value"":""Juliana de Luna""}",,"{""@odata.type"":""#Microsoft.Azure.Connectors.SharePoint.SPListExpandedReference"",""Id"":11,""Value"":""Heralds Extraordinary""}",False,True,Siren,False,[]
0,Lists%252fHeraldic%2bOffices%252f132_.000,132,Terpsichores Fox,"{""@odata.type"":""#Microsoft.Azure.Connectors.SharePoint.SPListExpandedReference"",""Id"":1,""Value"":""An Tir""}",Names Submissions,terpsichoresfox@antir.org,,,,"{""@odata.type"":""#Microsoft.Azure.Connectors.SharePoint.SPListExpandedReference"",""Id"":7,""Value"":""Submissions""}",False,False,Terpsichores Fox,False,[]
0,Lists%252fHeraldic%2bOffices%252f133_.000,133,Kateline MacFarlane,"{""@odata.type"":""#Microsoft.Azure.Connectors.SharePoint.SPListExpandedReference"",""Id"":1,""Value"":""An Tir""}",,comstockgirl@yahoo.com,,"{""@odata.type"":""#Microsoft.Azure.Connectors.SharePoint.SPListExpandedReference"",""Id"":51,""Value"":""Kateline MacFarlane""}",,"{""@odata.type"":""#Microsoft.Azure.Connectors.SharePoint.SPListExpandedReference"",""Id"":11,""Value"":""Heralds Extraordinary""}",False,True,Kateline MacFarlane,False,[]
0,Lists%252fHeraldic%2bOffices%252f134_.000,134,Beare,"{""@odata.type"":""#Microsoft.Azure.Connectors.SharePoint.SPListExpandedReference"",""Id"":1,""Value"":""An Tir""}",,beare@antir.org,,"{""@odata.type"":""#Microsoft.Azure.Connectors.SharePoint.SPListExpandedReference"",""Id"":105,""Value"":""Cormac Mór""}",,"{""@odata.type"":""#Microsoft.Azure.Connectors.SharePoint.SPListExpandedReference"",""Id"":11,""Value"":""Heralds Extraordinary""}",False,True,Beare,False,[]
0,Lists%252fHeraldic%2bOffices%252f136_.000,136,Scholar,"{""@odata.type"":""#Microsoft.Azure.Connectors.SharePoint.SPListExpandedReference"",""Id"":1,""Value"":""An Tir""}",Reporting deputy for Western and Rivers,scholar@antir.org,2020-12-31,"{""@odata.type"":""#Microsoft.Azure.Connectors.SharePoint.SPListExpandedReference"",""Id"":110,""Value"":""Angharat verch Reynulf""}",,"{""@odata.type"":""#Microsoft.Azure.Connectors.SharePoint.SPListExpandedReference"",""Id"":3,""Value"":""Administration""}",False,False,Scholar,False,[]
0,Lists%252fHeraldic%2bOffices%252f137_.000,137,White Dragon Pursuivant,"{""@odata.type"":""#Microsoft.Azure.Connectors.SharePoint.SPListExpandedReference"",""Id"":13,""Value"":""Dragon's Mist""}",Branch Herald,dragonsmist.pursuivant@antir.org,2020-06-30,"{""@odata.type"":""#Microsoft.Azure.Connectors.SharePoint.SPListExpandedReference"",""Id"":16,""Value"":""Lissette de la Rose""}",,"{""@odata.type"":""#Microsoft.Azure.Connectors.SharePoint.SPListExpandedReference"",""Id"":5,""Value"":""Branch herald""}",False,False,White Dragon Pursuivant,False,[]
0,Lists%252fHeraldic%2bOffices%252f138_.000,138,Red Tree,"{""@odata.type"":""#Microsoft.Azure.Connectors.SharePoint.SPListExpandedReference"",""Id"":4,""Value"":""Madrone""}",Baronial Officer,madrone.herald@antir.org,2020-04-30,"{""@odata.type"":""#Microsoft.Azure.Connectors.SharePoint.SPListExpandedReference"",""Id"":34,""Value"":""Simon Fisc""}",,"{""@odata.type"":""#Microsoft.Azure.Connectors.SharePoint.SPListExpandedReference"",""Id"":5,""Value"":""Branch herald""}",False,False,Red Tree,False,[]
0,Lists%252fHeraldic%2bOffices%252f139_.000,139,Caladphort,"{""@odata.type"":""#Microsoft.Azure.Connectors.SharePoint.SPListExpandedReference"",""Id"":59,""Value"":""Caladphort""}",Incipient Canton Branch Officer,jg.dana@gmail.com,,"{""@odata.type"":""#Microsoft.Azure.Connectors.SharePoint.SPListExpandedReference"",""Id"":3,""Value"":""Erik Loren Elcara""}",,"{""@odata.type"":""#Microsoft.Azure.Connectors.SharePoint.SPListExpandedReference"",""Id"":5,""Value"":""Branch herald""}",False,False,Caladphort,False,[]
0,Lists%252fHeraldic%2bOffices%252f140_.000,140,Plume d'Or,"{""@odata.type"":""#Microsoft.Azure.Connectors.SharePoint.SPListExpandedReference"",""Id"":3,""Value"":""Summits""}",Deputy to Bleu Grael,,2021-06-30,"{""@odata.type"":""#Microsoft.Azure.Connectors.SharePoint.SPListExpandedReference"",""Id"":128,""Value"":""Myvanwy verch Robert""}",,"{""@odata.type"":""#Microsoft.Azure.Connectors.SharePoint.SPListExpandedReference"",""Id"":6,""Value"":""Education""}",False,False,Plume d'Or,False,[]
0,Lists%252fHeraldic%2bOffices%252f141_.000,141,Silver Mountain,"{""@odata.type"":""#Microsoft.Azure.Connectors.SharePoint.SPListExpandedReference"",""Id"":3,""Value"":""Summits""}",Contingency,silvermountain@antir.org,2022-01-08,"{""@odata.type"":""#Microsoft.Azure.Connectors.SharePoint.SPListExpandedReference"",""Id"":77,""Value"":""Tighearnán Cearrbhach Ó Faoláin""}",,"{""@odata.type"":""#Microsoft.Azure.Connectors.SharePoint.SPListExpandedReference"",""Id"":3,""Value"":""Administration""}",False,False,Silver Mountain,False,[]
